{
  "task": "sst2",
  "rank": 2,
  "epochs": 1,
  "metrics": {
    "eval_loss": 0.19410376250743866,
    "eval_accuracy": 0.9288990825688074,
    "eval_runtime": 6.0156,
    "eval_samples_per_second": 144.955,
    "eval_steps_per_second": 4.655,
    "epoch": 1.0
  }
}