{
  "task": "sst2",
  "rank": 8,
  "epochs": 1,
  "metrics": {
    "eval_loss": 0.20209044218063354,
    "eval_accuracy": 0.9323394495412844,
    "eval_runtime": 6.0123,
    "eval_samples_per_second": 145.037,
    "eval_steps_per_second": 4.657,
    "epoch": 1.0
  }
}